{"department":"Marketing","age_mean":47.92857142857143,"score_sum":1571.3600000000001,"id_count":28}
{"department":"Sales","age_mean":42.0,"score_sum":1569.1100000000004,"id_count":27}
{"department":"Engineering","age_mean":46.645161290322584,"score_sum":1429.7000000000003,"id_count":31}
{"department":"HR","age_mean":46.5,"score_sum":846.8299999999999,"id_count":14}
